fiyat,tarih,boyut,m2,yaş,kat,adres
15.500,09-02-2024,2 + 1,85 m²,2 Yaşında,1. Kat,"Kağıthane, Seyrantepe Mahallesi"
14.500,06-02-2024,1 + 1,75 m²,25 Yaşında,2. Kat,"Kağıthane, Sultan Selim Mahallesi"
19.500,05-02-2024,2 + 1,85 m²,20 Yaşında,En Üst Kat,"Kağıthane, Seyrantepe Mahallesi"
21.000,06-02-2024,1 + 1,55 m²,25 Yaşında,1. Kat,"Kağıthane, Ortabayır Mahallesi"
24.000,29-01-2024,2 + 1,80 m²,1 Yaşında,Gürsel Residence 3-12 Ay İçin Müsait Kiralık Eşyalı 2+1 Daire اجاره واحد دو خواب مبله,Behzad
13.000,05-02-2024,2 + 1,85 m²,8 Yaşında,Kot 1,"Kağıthane, Gültepe Mahallesi"
47.000,09-02-2024,3 + 1,165 m²,16 Yaşında,Ara Kat,"Kağıthane, Hamidiye Mahallesi"
14.500,09-02-2024,1 + 1,80 m²,8 Yaşında,Çatı Katı,"Kağıthane, Hürriyet Mahallesi"
22.000,09-02-2024,1 + 1,70 m²,4 Yaşında,3. Kat,"Kağıthane, Çağlayan Mahallesi"
23.000,09-02-2024,3 + 1,150 m²,5 Yaşında,4. Kat,"Kağıthane, Yahya Kemal Mahallesi"
22.000,09-02-2024,2 + 1,85 m²,4 Yaşında,3. Kat,"Kağıthane, Talatpaşa Mahallesi"
55.000,09-02-2024,2 + 1,117 m²,4 Yaşında,3. Kat,"Kağıthane, Yahya Kemal Mahallesi"
22.500,09-02-2024,3 + 1,130 m²,8 Yaşında,Tempa Emlak Ofisi’Nden Kağıthane Hamidiye Mh'De Asansörlü Kiralık Dubleks Daire,Taylan
16.000,09-02-2024,2 + 1,100 m²,5 Yaşında,2. Kat,"Kağıthane, Çeliktepe Mahallesi"
15.000,09-02-2024,2 + 1,90 m²,5 Yaşında,2. Kat,"Kağıthane, Şirintepe Mahallesi"
25.000,09-02-2024,2 + 1,85 m²,2 Yaşında,10. Kat,"Kağıthane, Emniyet Evleri Mahallesi"
25.500,09-02-2024,2 + 1,80 m²,Sıfır Bina,Resim Modern - Site İçi 2+1 Sıfır Boş Daire!!!,Tamer
23.000,09-02-2024,3 + 1,150 m²,5 Yaşında,4. Kat,"Kağıthane, Merkez Mahallesi"
22.000,09-02-2024,2 + 1,90 m²,7 Yaşında,2. Kat,"Kağıthane, Seyrantepe Mahallesi"
13.000,09-02-2024,2 + 1,80 m²,25 Yaşında,2. Kat,"Kağıthane, Telsizler Mahallesi"
17.000,09-02-2024,1 + 1,70 m²,28 Yaşında,Emniyetevler 4.Leventte Metroya Yakın Eşyalı Kiralık 1+1 Daire,Savaş
14.500,09-02-2024,1 + 1,60 m²,13 Yaşında,Giriş Katı,"Kağıthane, Sultan Selim Mahallesi"
18.000,09-02-2024,2 + 1,95 m²,8 Yaşında,1. Kat,"Kağıthane, Gültepe Mahallesi"
25.000,09-02-2024,3 + 1,120 m²,20 Yaşında,6. Kat,"Kağıthane, Merkez Mahallesi"
35.000,09-02-2024,1 + 1,60 m²,3 Yaşında,Avrupa Konutları Çamlıvadi 1+1 Güncel Kiralık Daire,Mehmet
18.000,09-02-2024,1 + 1,60 m²,Sıfır Bina,Resım Modern- Site İçi 1+1 Sıfır Boş Daire !!!,Tamer
8.100,07-02-2024,1 + 1,55 m²,25 Yaşında,Yüksek Giriş,"Kağıthane, Ortabayır Mahallesi"
14.500,09-02-2024,1 + 1,65 m²,12 Yaşında,Giriş Katı,"Kağıthane, Sultan Selim Mahallesi"
15.100,09-02-2024,2 + 1,75 m²,Sıfır Bina,Kot 2,"Kağıthane, Yeşilce Mahallesi"
17.000,09-02-2024,2 + 1,85 m²,28 Yaşında,4. Kat,"Kağıthane, Emniyet Evleri Mahallesi"
17.500,09-02-2024,2 + 1,95 m²,8 Yaşında,1. Kat,"Kağıthane, Gültepe Mahallesi"
5.000,26-01-2024,1 + 1,120 m²,10 Yaşında,Yüksek Giriş,"Kağıthane, Hamidiye Mahallesi"
11.000,09-02-2024,1 + 1,65 m²,21 Yaşında,Yüksek Giriş,"Kağıthane, Gültepe Mahallesi"
22.500,09-02-2024,1 + 1,65 m²,3 Yaşında,5. Kat,"Kağıthane, Merkez Mahallesi"
20.000,09-02-2024,2 + 2,135 m²,5 Yaşında,6. Kat,"Kağıthane, Hürriyet Mahallesi"
15.250,28-01-2024,2 + 1,85 m²,Sıfır Bina,Giriş Katı,"Kağıthane, Talatpaşa Mahallesi"
7.000,09-02-2024,2 + 1,85 m²,6 Yaşında,1. Kat,"Kağıthane, Sultan Selim Mahallesi"
15.000,09-02-2024,2 + 1,80 m²,9 Yaşında,4. Kat,"Kağıthane, Sultan Selim Mahallesi"
12.500,16-01-2024,1 + 1,90 m²,16 Yaşında,4. Kat,"Kağıthane, Merkez Mahallesi"
17.000,09-02-2024,1 + 1,75 m²,25 Yaşında,En Üst Kat,"Kağıthane, Emniyet Evleri Mahallesi"
13.500,09-02-2024,2 + 1,100 m²,25 Yaşında,2. Kat,"Kağıthane, Ortabayır Mahallesi"
90.000,08-02-2024,4 + 1,225 m²,5 Yaşında,Ara Kat,"Kağıthane, Seyrantepe Mahallesi"
16.850,08-02-2024,3 + 1,130 m²,10 Yaşında,Giriş Katı,"Kağıthane, Merkez Mahallesi"
65.000,09-02-2024,3 + 1,157 m²,2 Yaşında,8. Kat,"Kağıthane, Seyrantepe Mahallesi"
17.500,08-02-2024,2 + 1,90 m²,23 Yaşında,2. Kat,"Kağıthane, Ortabayır Mahallesi"
30.000,20-12-2023,1 + 1,91 m²,Sıfır Bina,Ara Kat,"Kağıthane, Yahya Kemal Mahallesi"
14.500,09-02-2024,2 + 1,100 m²,24 Yaşında,3. Kat,"Kağıthane, Sultan Selim Mahallesi"
17.750,09-02-2024,1 + 1,55 m²,15 Yaşında,1. Kat,"Kağıthane, Ortabayır Mahallesi"
18.000,09-02-2024,2 + 1,90 m²,30 Yaşında,2. Kat,"Kağıthane, Ortabayır Mahallesi"
50.000,09-02-2024,2 + 1,101 m²,4 Yaşında,Avangart İstanbul 2+1 Eşyalı Güncel Kiralık Daire,Mehmet
27.000,10-01-2024,1 + 1,65 m²,4 Yaşında,14. Kat,"Kağıthane, Hürriyet Mahallesi"
15.000,09-02-2024,2 + 1,110 m²,25 Yaşında,2. Kat,"Kağıthane, Ortabayır Mahallesi"
47.500,09-02-2024,1 + 1,70 m²,2 Yaşında,5. Kat,"Kağıthane, Hamidiye Mahallesi"
20.000,09-02-2024,2 + 1,90 m²,23 Yaşında,6. Kat,"Kağıthane, Emniyet Evleri Mahallesi"
23.000,08-02-2024,2 + 1,85 m²,4 Yaşında,4. Kat,"Kağıthane, Çeliktepe Mahallesi"
20.000,19-12-2023,2 + 1,70 m²,3 Yaşında,2. Kat,"Kağıthane, Gürsel Mahallesi"
75.000,08-02-2024,135 + 105,135 m²,3 Yaşında,Avangart İstanbul 3+1 Güncel Boş Satılık Daire,Mehmet
19.500,08-02-2024,1 + 1,70 m²,1 Yaşında,1. Kat,"Kağıthane, Merkez Mahallesi"
30.000,03-01-2024,1 + 1,75 m²,2 Yaşında,Kordon İstanbul 1+1 Kiralık Boş Daire /For Rent,ilk
15.000,08-02-2024,2 + 1,100 m²,20 Yaşında,1. Kat,"Kağıthane, Sultan Selim Mahallesi"
17.500,09-02-2024,2 + 1,100 m²,26 Yaşında,2. Kat,"Kağıthane, Ortabayır Mahallesi"
14.000,09-02-2024,2 + 1,75 m²,20 Yaşında,4. Kat,"Kağıthane, Çeliktepe Mahallesi"
20.500,09-02-2024,2 + 1,70 m²,6 Yaşında,2. Kat,"Kağıthane, Emniyet Evleri Mahallesi"
20.000,09-02-2024,2 + 1,100 m²,9 Yaşında,3. Kat,"Kağıthane, Sultan Selim Mahallesi"
30.000,03-01-2024,Stüdyo,55 m²,2 Yaşında,Avangart İstanbul Kiralık 1+0 Boş Daire /For Rent,ilk
15.000,09-02-2024,2 + 1,75 m²,5 Yaşında,2. Kat,"Kağıthane, Çeliktepe Mahallesi"
24.000,09-02-2024,2 + 1,80 m²,5 Yaşında,3. Kat,"Kağıthane, Ortabayır Mahallesi"
20.000,09-02-2024,2 + 1,100 m²,Sıfır Bina,4. Kat,"Kağıthane, Şirintepe Mahallesi"
25.990,08-02-2024,1 + 1,54 m²,1 Yaşında,Telsizler Mint Olive Eşyalı Kiralık 1+1 Daire (995),BLUEGROUND
20.000,09-02-2024,2 + 1,90 m²,25 Yaşında,En Üst Kat,"Kağıthane, Emniyet Evleri Mahallesi"
65.000,09-02-2024,3 + 1,140 m²,4 Yaşında,Avangart İstanbul 3+1 Güncel Fırsat Kiralık Daire,Mehmet
15.000,08-02-2024,2 + 1,100 m²,25 Yaşında,4. Kat,"Kağıthane, Gültepe Mahallesi"
16.000,09-02-2024,2 + 1,100 m²,5 Yaşında,Kot 2,"Kağıthane, Çeliktepe Mahallesi"
13.000,09-02-2024,1 + 1,70 m²,8 Yaşında,Kot 2,"Kağıthane, Çeliktepe Mahallesi"
50.000,03-01-2024,2 + 1,100 m²,2 Yaşında,Avangart İstanbul Kiralık 2+1 Eşyalı Daire -For Rent,ilk
15.500,02-02-2024,1 + 1,90 m²,8 Yaşında,Ara Kat,"Kağıthane, Hamidiye Mahallesi"
17.500,09-02-2024,1 + 1,55 m²,16 Yaşında,2. Kat,"Kağıthane, Ortabayır Mahallesi"
30.000,07-02-2024,2 + 1,70 m²,1 Yaşında,4. Kat,"Kağıthane, Ortabayır Mahallesi"
23.000,09-02-2024,2 + 1,85 m²,3 Yaşında,4. Kat,"Kağıthane, Çeliktepe Mahallesi"
25.000,09-02-2024,2 + 1,90 m²,4 Yaşında,9. Kat,"Kağıthane, Şirintepe Mahallesi"
12.000,09-02-2024,1 + 1,50 m²,26 Yaşında,Giriş Katı,"Kağıthane, Yahya Kemal Mahallesi"
30.480,08-02-2024,1 + 1,49 m²,4 Yaşında,Kâğıthane Seba Suites Sitesi Eşyalı Kiralık 1+1 Daire (609),BLUEGROUND
65.000,09-02-2024,2 + 1,101 m²,4 Yaşında,Avangart İstanbul 2+1 Güncel Eşyalı Kiralık Daire,Mehmet
18.000,09-02-2024,2 + 1,75 m²,10 Yaşında,Yüksek Giriş,"Kağıthane, Ortabayır Mahallesi"
30.000,09-02-2024,2 + 1,83 m²,Sıfır Bina,2. Kat,"Kağıthane, Ortabayır Mahallesi"
27.000,09-02-2024,2 + 1,90 m²,3 Yaşında,10. Kat,"Kağıthane, Yeşilce Mahallesi"
16.500,09-02-2024,1 + 1,70 m²,5 Yaşında,Giriş Katı,"Kağıthane, Seyrantepe Mahallesi"
15.000,09-02-2024,1 + 1,70 m²,5 Yaşında,Yüksek Giriş,"Kağıthane, Çağlayan Mahallesi"
21.000,08-02-2024,2 + 1,95 m²,20 Yaşında,2. Kat,"Kağıthane, Çeliktepe Mahallesi"
17.000,27-01-2024,2 + 1,85 m²,15 Yaşında,Kot 1,"Kağıthane, Telsizler Mahallesi"
26.000,30-01-2024,2 + 1,97 m²,9 Yaşında,2. Kat,"Kağıthane, Sultan Selim Mahallesi"
15.000,08-02-2024,2 + 1,80 m²,5 Yaşında,Kot 1,"Kağıthane, Yahya Kemal Mahallesi"
27.000,09-02-2024,1 + 1,65 m²,5 Yaşında,Yüksek Giriş,"Kağıthane, Çeliktepe Mahallesi"
18.000,09-02-2024,3 + 1,120 m²,25 Yaşında,2. Kat,"Kağıthane, Ortabayır Mahallesi"
100.000,08-02-2024,3 + 1,190 m²,4 Yaşında,Avrupa Konutları Çamlıvadi 3+1 Güncel Eşyalı Kiralık Daire,Mehmet
15.000,13-01-2024,2 + 1,100 m²,20 Yaşında,2. Kat,"Kağıthane, Ortabayır Mahallesi"
15.000,09-02-2024,1 + 1,50 m²,5 Yaşında,1. Kat,"Kağıthane, Seyrantepe Mahallesi"
15.500,09-02-2024,3 + 1,125 m²,20 Yaşında,4. Kat,"Kağıthane, Çağlayan Mahallesi"
30.000,08-02-2024,2 + 1,90 m²,25 Yaşında,5. Kat,"Kağıthane, Ortabayır Mahallesi"
30.000,07-02-2024,1 + 1,80 m²,5 Yaşında,10. Kat,"Kağıthane, Çeliktepe Mahallesi"
30.000,07-02-2024,1 + 1,60 m²,5 Yaşında,5. Kat,"Kağıthane, Çağlayan Mahallesi"
30.000,07-02-2024,1 + 1,55 m²,8 Yaşında,Ara Kat,"Kağıthane, Çağlayan Mahallesi"
45.000,07-02-2024,4 + 2,210 m²,5 Yaşında,5. Kat,"Kağıthane, Ortabayır Mahallesi"
18.000,07-02-2024,2 + 1,85 m²,Sıfır Bina,4. Kat,"Kağıthane, Çağlayan Mahallesi"
18.500,07-02-2024,2 + 1,100 m²,20 Yaşında,3. Kat,"Kağıthane, Ortabayır Mahallesi"
15.000,03-02-2024,2 + 1,90 m²,28 Yaşında,3. Kat,"Kağıthane, Sultan Selim Mahallesi"
60.000,05-02-2024,3 + 1,151 m²,2 Yaşında,2. Kat,"Kağıthane, Hamidiye Mahallesi"
19.500,09-02-2024,1 + 1,85 m²,6 Yaşında,Çeliktepe'De Full Eşyalı Kiralık 1+1 Daire,Hatice
25.000,06-02-2024,1 + 1,75 m²,Sıfır Bina,13. Kat,"Kağıthane, Çeliktepe Mahallesi"
32.000,07-02-2024,1 + 1,57 m²,4 Yaşında,8. Kat,"Kağıthane, Merkez Mahallesi"
25.000,05-02-2024,2 + 1,110 m²,3 Yaşında,9. Kat,"Kağıthane, Gültepe Mahallesi"
16.000,08-02-2024,1 + 1,85 m²,26 Yaşında,3. Kat,"Kağıthane, Gültepe Mahallesi"
10.000,09-02-2024,2 + 1,80 m²,25 Yaşında,3. Kat,"Kağıthane, Sultan Selim Mahallesi"
110.000,08-02-2024,3 + 1,170 m²,1 Yaşında,Avrupa Konutları Çamlı Vadi 3+1 Orman Mnz Eşyalı Kiralık Daire,Mehmet
17.000,07-02-2024,2 + 1,100 m²,26 Yaşında,2. Kat,"Kağıthane, Ortabayır Mahallesi"
16.500,07-02-2024,1 + 1,60 m²,5 Yaşında,Ara Kat,"Kağıthane, Çağlayan Mahallesi"
60.000,05-02-2024,3 + 1,160 m²,15 Yaşında,Ara Kat,"Kağıthane, Merkez Mahallesi"
19.500,06-02-2024,1 + 1,55 m²,Sıfır Bina,Çatı Katı,"Kağıthane, Nurtepe Mahallesi"
22.500,06-02-2024,1 + 1,60 m²,6 Yaşında,10. Kat,"Kağıthane, Merkez Mahallesi"
110.000,08-02-2024,3 + 1,162 m²,4 Yaşında,Avrupa Konutları Çamlıvadi 3+1 Eşyalı Orman Mnz Kiralık Daire,Mehmet
12.000,09-02-2024,2 + 1,85 m²,5 Yaşında,Kot 2,"Kağıthane, Seyrantepe Mahallesi"
30.000,06-02-2024,1 + 1,70 m²,5 Yaşında,2. Kat,"Kağıthane, Hürriyet Mahallesi"
35.000,05-02-2024,4 + 1,190 m²,10 Yaşında,6. Kat,"Kağıthane, Hamidiye Mahallesi"
45.000,08-02-2024,4 + 1,210 m²,5 Yaşında,5. Kat,"Kağıthane, Ortabayır Mahallesi"
25.000,07-02-2024,1 + 1,60 m²,5 Yaşında,2. Kat,"Kağıthane, Çağlayan Mahallesi"
15.000,09-02-2024,Stüdyo,60 m²,10 Yaşında,Vera Resıdence 1+0 Stüdyo Kiralık Boş Daire Satılık,Bahar
20.000,09-02-2024,3 + 1,130 m²,4 Yaşında,6. Kat,"Kağıthane, Hürriyet Mahallesi"
18.500,07-02-2024,2 + 1,85 m²,20 Yaşında,2. Kat,"Kağıthane, Ortabayır Mahallesi"
25.000,06-02-2024,1 + 1,60 m²,2 Yaşında,4. Kat,"Kağıthane, Hürriyet Mahallesi"
25.000,09-02-2024,1 + 1,65 m²,4 Yaşında,2. Kat,"Kağıthane, Hürriyet Mahallesi"
30.000,06-02-2024,2 + 1,80 m²,Sıfır Bina,11. Kat,"Kağıthane, Çeliktepe Mahallesi"
31.000,07-02-2024,2 + 1,100 m²,7 Yaşında,2. Kat,"Kağıthane, Merkez Mahallesi"
16.000,08-02-2024,2 + 1,85 m²,40 Yaşında,Çatı Katı,"Kağıthane, Emniyet Evleri Mahallesi"
15.000,05-02-2024,2 + 1,90 m²,5 Yaşında,Kot 1,"Kağıthane, Yahya Kemal Mahallesi"
25.000,07-02-2024,1 + 1,65 m²,5 Yaşında,Ara Kat,"Kağıthane, Çağlayan Mahallesi"
17.500,03-02-2024,2 + 1,80 m²,Sıfır Bina,5. Kat,"Kağıthane, Seyrantepe Mahallesi"
15.000,08-02-2024,2 + 1,75 m²,5 Yaşında,1. Kat,"Kağıthane, Harmantepe Mahallesi"
14.500,09-02-2024,1 + 1,70 m²,20 Yaşında,2. Kat,"Kağıthane, Harmantepe Mahallesi"
19.000,04-02-2024,4 + 1,135 m²,Sıfır Bina,Kot 1,"Kağıthane, Sultan Selim Mahallesi"
95.000,08-02-2024,4 + 1,220 m²,4 Yaşında,Avangart İstanbul 4+1 Fırsat Kiralık Daire,Mehmet
30.000,05-02-2024,1 + 1,75 m²,6 Yaşında,5. Kat,"Kağıthane, Talatpaşa Mahallesi"
25.000,03-02-2024,3 + 1,125 m²,12 Yaşında,5. Kat,"Kağıthane, Emniyet Evleri Mahallesi"
28.850,03-02-2024,1 + 1,55 m²,4 Yaşında,14. Kat,"Kağıthane, Hürriyet Mahallesi"
20.000,09-02-2024,3 + 1,160 m²,26 Yaşında,5. Kat,"Kağıthane, Seyrantepe Mahallesi"
14.000,06-02-2024,1 + 1,80 m²,8 Yaşında,2. Kat,"Kağıthane, Telsizler Mahallesi"
11.000,07-02-2024,1 + 1,75 m²,10 Yaşında,4. Kat,"Kağıthane, Telsizler Mahallesi"
17.000,05-02-2024,2 + 1,80 m²,6 Yaşında,Yüksek Giriş,"Kağıthane, Çeliktepe Mahallesi"
17.000,06-02-2024,2 + 1,85 m²,5 Yaşında,Kot 1,"Kağıthane, Merkez Mahallesi"
20.000,07-02-2024,2 + 1,75 m²,2 Yaşında,3. Kat,"Kağıthane, Ortabayır Mahallesi"
25.000,06-02-2024,4 + 1,140 m²,10 Yaşında,5. Kat,"Kağıthane, Gürsel Mahallesi"
16.500,09-02-2024,2 + 1,105 m²,28 Yaşında,Yüksek Giriş,"Kağıthane, Sultan Selim Mahallesi"
15.000,09-02-2024,2 + 1,100 m²,28 Yaşında,6. Kat,"Kağıthane, Talatpaşa Mahallesi"
17.000,07-02-2024,1 + 1,55 m²,6 Yaşında,1. Kat,"Kağıthane, Çağlayan Mahallesi"
13.500,09-02-2024,1 + 1,90 m²,15 Yaşında,Ara Kat,"Kağıthane, Ortabayır Mahallesi"
25.000,05-02-2024,1 + 1,60 m²,5 Yaşında,Kağıthane Mint Çağlayan 1+1 Kiralık Daire*For Rent*,erdem
14.500,05-02-2024,1 + 1,90 m²,15 Yaşında,Ara Kat,"Kağıthane, Ortabayır Mahallesi"
15.500,06-02-2024,2 + 1,100 m²,19 Yaşında,2. Kat,"Kağıthane, Talatpaşa Mahallesi"
16.250,09-02-2024,2 + 1,85 m²,25 Yaşında,3. Kat,"Kağıthane, Çeliktepe Mahallesi"
13.500,09-02-2024,1 + 1,90 m²,15 Yaşında,Kot 1,"Kağıthane, Ortabayır Mahallesi"
18.000,09-02-2024,2 + 1,95 m²,15 Yaşında,4. Kat,"Kağıthane, Gültepe Mahallesi"
20.000,09-02-2024,1 + 1,85 m²,10 Yaşında,Ara Kat,"Kağıthane, Merkez Mahallesi"
20.000,09-02-2024,3 + 1,140 m²,21 Yaşında,4. Kat,"Kağıthane, Seyrantepe Mahallesi"
28.000,06-02-2024,Stüdyo,45 m²,3 Yaşında,3. Kat,"Kağıthane, Seyrantepe Mahallesi"
14.500,08-02-2024,2 + 1,85 m²,25 Yaşında,Bahçe Katı,"Kağıthane, Seyrantepe Mahallesi"
19.000,31-01-2024,2 + 1,80 m²,4 Yaşında,4. Kat,"Kağıthane, Çağlayan Mahallesi"
17.000,05-02-2024,2 + 1,80 m²,15 Yaşında,Kot 1,"Kağıthane, Telsizler Mahallesi"
25.000,06-02-2024,4 + 1,150 m²,12 Yaşında,3. Kat,"Kağıthane, Merkez Mahallesi"
15.500,07-02-2024,2 + 1,120 m²,28 Yaşında,2. Kat,"Kağıthane, Yeşilce Mahallesi"
25.000,07-02-2024,1 + 1,60 m²,Sıfır Bina,4. Kat,"Kağıthane, Ortabayır Mahallesi"
15.000,09-02-2024,1 + 1,60 m²,1 Yaşında,Giriş Katı,"Kağıthane, Merkez Mahallesi"
14.000,09-02-2024,2 + 1,100 m²,22 Yaşında,5. Kat,"Kağıthane, Harmantepe Mahallesi"
30.000,09-02-2024,1 + 1,60 m²,7 Yaşında,5. Kat,"Kağıthane, Çağlayan Mahallesi"
20.000,08-02-2024,3 + 1,150 m²,20 Yaşında,4. Kat,"Kağıthane, Çeliktepe Mahallesi"
45.000,06-02-2024,2 + 1,116 m²,4 Yaşında,7. Kat,"Kağıthane, Hamidiye Mahallesi"
18.000,03-02-2024,2 + 1,85 m²,1 Yaşında,4. Kat,"Kağıthane, Çağlayan Mahallesi"
13.000,06-02-2024,1 + 1,70 m²,5 Yaşında,5. Kat,"Kağıthane, Çağlayan Mahallesi"
15.500,31-01-2024,1 + 1,55 m²,4 Yaşında,3. Kat,"Kağıthane, Çağlayan Mahallesi"
13.000,05-02-2024,2 + 1,95 m²,17 Yaşında,Ara Kat,"Kağıthane, Hamidiye Mahallesi"
15.000,21-12-2023,1 + 1,60 m²,6 Yaşında,3. Kat,"Kağıthane, Hürriyet Mahallesi"
40.000,07-02-2024,1 + 1,69 m²,1 Yaşında,Avrupa Konutları Çamlıvadi 1+1 Eşyalı Kiralık Daire,Mehmet
20.000,07-02-2024,2 + 1,80 m²,8 Yaşında,Giriş Katı,"Kağıthane, Emniyet Evleri Mahallesi"
18.000,09-02-2024,2 + 1,85 m²,Sıfır Bina,4. Kat,"Kağıthane, Çağlayan Mahallesi"
100.000,07-02-2024,4 + 1,220 m²,3 Yaşında,2. Kat,"Kağıthane, Seyrantepe Mahallesi"
18.000,08-02-2024,1 + 1,70 m²,30 Yaşında,4. Kat,"Kağıthane, Gültepe Mahallesi"
15.000,09-02-2024,1 + 1,80 m²,15 Yaşında,1. Kat,"Kağıthane, Sultan Selim Mahallesi"
17.000,06-02-2024,2 + 1,110 m²,25 Yaşında,3. Kat,"Kağıthane, Sultan Selim Mahallesi"
14.500,07-02-2024,1 + 1,70 m²,30 Yaşında,Yüksek Giriş,"Kağıthane, Çeliktepe Mahallesi"
13.000,09-02-2024,2 + 1,80 m²,16 Yaşında,3. Kat,"Kağıthane, Sultan Selim Mahallesi"
17.500,08-02-2024,1 + 1,75 m²,21 Yaşında,5. Kat,"Kağıthane, Seyrantepe Mahallesi"
21.000,07-02-2024,2 + 1,95 m²,6 Yaşında,2. Kat,"Kağıthane, Gürsel Mahallesi"
30.000,05-02-2024,2 + 1,120 m²,4 Yaşında,11. Kat,"Kağıthane, Sultan Selim Mahallesi"
35.500,22-12-2023,2 + 1,100 m²,1 Yaşında,"Beşiktaş'A,Üniversitelere Yakın Mint Levent'Te Eşyalı 2+1kiralık",Selin
18.750,09-02-2024,2 + 1,90 m²,15 Yaşında,Bahçe Katı,"Kağıthane, Telsizler Mahallesi"
19.500,07-02-2024,2 + 1,95 m²,7 Yaşında,2. Kat,"Kağıthane, Şirintepe Mahallesi"
11.000,03-02-2024,2 + 1,65 m²,20 Yaşında,Giriş Katı,"Kağıthane, Yahya Kemal Mahallesi"
10.000,09-02-2024,2 + 1,90 m²,15 Yaşında,Giriş Katı,"Kağıthane, Gültepe Mahallesi"
13.500,26-12-2023,1 + 1,60 m²,8 Yaşında,Yüksek Giriş,"Kağıthane, Merkez Mahallesi"
22.000,06-02-2024,3 + 1,110 m²,26 Yaşında,3. Kat,"Kağıthane, Emniyet Evleri Mahallesi"
25.000,09-02-2024,2 + 1,90 m²,10 Yaşında,4. Kat,"Kağıthane, Çeliktepe Mahallesi"
24.000,08-02-2024,3 + 1,110 m²,13 Yaşında,3. Kat,"Kağıthane, Nurtepe Mahallesi"
15.500,18-01-2024,1 + 1,50 m²,1 Yaşında,2. Kat,"Kağıthane, Çağlayan Mahallesi"
15.000,09-02-2024,1 + 1,65 m²,20 Yaşında,1. Kat,"Kağıthane, Telsizler Mahallesi"
12.500,04-02-2024,1 + 1,55 m²,5 Yaşında,Kot 1,"Kağıthane, Çağlayan Mahallesi"
11.000,06-02-2024,1 + 1,30 m²,26 Yaşında,Giriş Katı,"Kağıthane, Ortabayır Mahallesi"
25.000,04-02-2024,1 + 1,55 m²,4 Yaşında,5. Kat,"Kağıthane, Hamidiye Mahallesi"
18.000,09-02-2024,2 + 1,85 m²,Sıfır Bina,3. Kat,"Kağıthane, Çağlayan Mahallesi"
13.000,07-02-2024,1 + 1,75 m²,6 Yaşında,Zemin,"Kağıthane, Merkez Mahallesi"
15.000,07-02-2024,2 + 1,110 m²,26 Yaşında,2. Kat,"Kağıthane, Ortabayır Mahallesi"
19.000,08-02-2024,3 + 1,110 m²,28 Yaşında,4. Kat,"Kağıthane, Emniyet Evleri Mahallesi"
26.000,22-12-2023,2 + 1,112 m²,1 Yaşında,"Besiktaş'A ,Metro Ve Kanyon Avm Yakın 2+1eşyalı Kiralık Daire",Selin
22.000,06-02-2024,3 + 1,120 m²,25 Yaşında,2. Kat,"Kağıthane, Gürsel Mahallesi"
20.000,07-02-2024,1 + 1,60 m²,7 Yaşında,2. Kat,"Kağıthane, Nurtepe Mahallesi"
13.000,09-02-2024,2 + 1,75 m²,5 Yaşında,Kot 3,"Kağıthane, Seyrantepe Mahallesi"
19.000,09-02-2024,2 + 1,90 m²,15 Yaşında,3. Kat,"Kağıthane, Seyrantepe Mahallesi"
10.000,05-02-2024,1 + 1,65 m²,30 Yaşında,Yüksek Giriş,"Kağıthane, Gültepe Mahallesi"
15.000,09-02-2024,2 + 1,90 m²,28 Yaşında,3. Kat,"Kağıthane, Sultan Selim Mahallesi"
50.000,07-02-2024,3 + 1,130 m²,7 Yaşında,6. Kat,"Kağıthane, Gültepe Mahallesi"
15.000,07-02-2024,2 + 1,90 m²,2 Yaşında,Kot 2,"Kağıthane, Şirintepe Mahallesi"
49.900,06-02-2024,2 + 1,78 m²,1 Yaşında,Kâğıthane Çamlı Vadi Sitesi Eşyalı Kiralık 2+1 Daire (1084),BLUEGROUND
15.500,20-01-2024,1 + 1,55 m²,5 Yaşında,3. Kat,"Kağıthane, Çağlayan Mahallesi"
21.000,05-02-2024,2 + 1,85 m²,Sıfır Bina,Yüksek Giriş,"Kağıthane, Çeliktepe Mahallesi"
14.000,04-02-2024,1 + 1,55 m²,30 Yaşında,Yüksek Giriş,"Kağıthane, Ortabayır Mahallesi"
58.800,05-02-2024,2 + 1,85 m²,Sıfır Bina,3. Kat,"Kağıthane, Ortabayır Mahallesi"
15.000,07-02-2024,2 + 1,75 m²,3 Yaşında,3. Kat,"Kağıthane, Şirintepe Mahallesi"
19.000,09-02-2024,3 + 1,125 m²,30 Yaşında,1. Kat,"Kağıthane, Ortabayır Mahallesi"
13.500,06-02-2024,2 + 1,85 m²,16 Yaşında,Giriş Katı,"Kağıthane, Gürsel Mahallesi"
27.500,22-12-2023,2 + 1,90 m²,1 Yaşında,"Sisli Gayrettepe Yakını Yeni,Ferah Esyalı Mint Olive 2+1 Kiralık",Selin
25.000,05-02-2024,3 + 1,125 m²,20 Yaşında,1. Kat,"Kağıthane, Sultan Selim Mahallesi"
12.500,09-02-2024,2 + 1,85 m²,25 Yaşında,1. Kat,"Kağıthane, Yahya Kemal Mahallesi"
35.000,09-02-2024,1 + 1,60 m²,3 Yaşında,Avrupa Konutları Çamlıvadi 1+1 Güncel Kiralık Daire,Mehmet
12.500,09-02-2024,2 + 1,80 m²,29 Yaşında,Bahçe Katı,"Kağıthane, Sultan Selim Mahallesi"
15.000,08-02-2024,1 + 1,60 m²,30 Yaşında,3. Kat,"Kağıthane, Ortabayır Mahallesi"
17.000,08-02-2024,3 + 1,140 m²,18 Yaşında,3. Kat,"Kağıthane, Sultan Selim Mahallesi"
25.000,06-02-2024,2 + 1,100 m²,6 Yaşında,14. Kat,"Kağıthane, Talatpaşa Mahallesi"
33.990,06-02-2024,2 + 1,66 m²,1 Yaşında,Telsizler Mint Olive Eşyalı Kiralık 2+1 Daire (994),BLUEGROUND
11.750,09-02-2024,1 + 1,60 m²,16 Yaşında,2. Kat,"Kağıthane, Seyrantepe Mahallesi"
13.500,04-02-2024,2 + 1,100 m²,25 Yaşında,Giriş Katı,"Kağıthane, Sultan Selim Mahallesi"
15.000,07-02-2024,1 + 1,60 m²,25 Yaşında,Kot 1,"Kağıthane, Emniyet Evleri Mahallesi"
27.500,22-12-2023,1 + 1,80 m²,1 Yaşında,Mint'Den Levent Metro'Ya Ücretsiz Servisli Site Kiralık 1+1daire,Selin
12.000,08-02-2024,2 + 1,90 m²,25 Yaşında,Giriş Katı,"Kağıthane, Gültepe Mahallesi"
10.000,06-02-2024,1 + 1,50 m²,35 Yaşında,2. Kat,"Kağıthane, Çeliktepe Mahallesi"
30.000,08-02-2024,2 + 1,90 m²,2 Yaşında,1. Kat,"Kağıthane, Hamidiye Mahallesi"
30.000,05-02-2024,1 + 1,110 m²,Sıfır Bina,5. Kat,"Kağıthane, Ortabayır Mahallesi"
15.000,07-02-2024,Stüdyo,45 m²,9 Yaşında,3. Kat,"Kağıthane, Yahya Kemal Mahallesi"
11.500,05-02-2024,1 + 1,65 m²,20 Yaşında,Yüksek Giriş,"Kağıthane, Yahya Kemal Mahallesi"
15.000,07-02-2024,1 + 1,90 m²,8 Yaşında,Teras Katı,"Kağıthane, Çağlayan Mahallesi"
15.500,02-02-2024,2 + 1,90 m²,5 Yaşında,Yüksek Giriş,"Kağıthane, Mehmet Akif Ersoy Mahallesi"
14.500,03-02-2024,2 + 1,50 m²,Sıfır Bina,Yüksek Giriş,"Kağıthane, Talatpaşa Mahallesi"
90.000,01-02-2024,2 + 1,106 m²,1 Yaşında,8. Kat,"Kağıthane, Hamidiye Mahallesi"
18.000,06-02-2024,3 + 1,130 m²,16 Yaşında,Kot 3,"Kağıthane, Hamidiye Mahallesi"
35.000,05-02-2024,2 + 1,110 m²,4 Yaşında,11. Kat,"Kağıthane, Hamidiye Mahallesi"
45.000,30-01-2024,2 + 1,100 m²,3 Yaşında,Kot 3,"Kağıthane, Merkez Mahallesi"
30.000,29-01-2024,6 + 1,300 m²,25 Yaşında,5. Kat,"Kağıthane, Ortabayır Mahallesi"
30.000,28-01-2024,1 + 1,65 m²,4 Yaşında,4. Kat,"Kağıthane, Hürriyet Mahallesi"
19.500,28-01-2024,3 + 1,130 m²,25 Yaşında,1. Kat,"Kağıthane, Hamidiye Mahallesi"
24.500,25-01-2024,2 + 1,90 m²,4 Yaşında,7. Kat,"Kağıthane, Çeliktepe Mahallesi"
40.000,31-01-2024,1 + 1,86 m²,Sıfır Bina,5. Kat,"Kağıthane, Hamidiye Mahallesi"
29.000,29-01-2024,2 + 1,75 m²,2 Yaşında,8. Kat,"Kağıthane, Merkez Mahallesi"
40.000,19-01-2024,3 + 1,208 m²,1 Yaşında,13. Kat,"Kağıthane, Talatpaşa Mahallesi"
12.250,13-01-2024,2 + 1,70 m²,5 Yaşında,Bodrum,"Kağıthane, Mehmet Akif Ersoy Mahallesi"
30.000,01-02-2024,2 + 1,65 m²,1 Yaşında,3. Kat,"Kağıthane, Ortabayır Mahallesi"
18.000,19-01-2024,2 + 1,110 m²,30 Yaşında,1. Kat,"Kağıthane, Sultan Selim Mahallesi"
28.000,10-01-2024,2 + 1,90 m²,4 Yaşında,5. Kat,"Kağıthane, Nurtepe Mahallesi"
22.500,22-01-2024,2 + 1,85 m²,1 Yaşında,3. Kat,"Kağıthane, Telsizler Mahallesi"
15.000,27-01-2024,1 + 1,60 m²,10 Yaşında,Kot 1,"Kağıthane, Sultan Selim Mahallesi"
198,20-01-2024,1 + 1,80 m²,3 Yaşında,Kağıthane Ottoman Suit De Lüx 1+1//2+1 Günlük Haftalık Aylık Kiralık Dairler,Ottoman Suit
43.750,02-02-2024,2 + 1,123 m²,Sıfır Bina,Seba Nest Sıfır Daire 2+1 Kiralık Daire,Flatingo
17.000,25-01-2024,3 + 1,120 m²,20 Yaşında,4. Kat,"Kağıthane, Çağlayan Mahallesi"
110.000,08-02-2024,3 + 1,170 m²,Sıfır Bina,Avrupa Konutları Çamlı Vadi 3+1 Orman Mnz Eşyalı Kiralık Daire,Mehmet
17.000,07-02-2024,2 + 1,90 m²,5 Yaşında,Yüksek Giriş,"Kağıthane, Harmantepe Mahallesi"
8.000,09-02-2024,1 + 1,40 m²,29 Yaşında,5. Kat,"Kağıthane, Sultan Selim Mahallesi"
20.000,04-02-2024,2 + 1,90 m²,24 Yaşında,Yüksek Giriş,"Kağıthane, Emniyet Evleri Mahallesi"
29.000,04-02-2024,2 + 1,90 m²,4 Yaşında,11. Kat,"Kağıthane, Sultan Selim Mahallesi"
20.000,13-01-2024,3 + 1,140 m²,22 Yaşında,4. Kat,"Kağıthane, Merkez Mahallesi"
24.000,22-12-2023,1 + 1,70 m²,1 Yaşında,Levent Metroya Ücretsiz Servis İle 5.Dk Yeni Eşyalı 1+1 Kiralık,Selin
12.000,09-02-2024,2 + 1,75 m²,16 Yaşında,1. Kat,"Kağıthane, Çağlayan Mahallesi"
19.000,22-01-2024,3 + 1,115 m²,16 Yaşında,1. Kat,"Kağıthane, Ortabayır Mahallesi"
20.000,22-01-2024,2 + 1,80 m²,3 Yaşında,4. Kat,"Kağıthane, Yeşilce Mahallesi"
110.000,29-01-2024,2 + 1,278 m²,5 Yaşında,Levent Sapphire Ferah Modern Mobilyalı 2+1 Kiralık Residence,DERYA
10.000,06-02-2024,2 + 1,80 m²,30 Yaşında,Bahçe Katı,"Kağıthane, Talatpaşa Mahallesi"
41.000,06-02-2024,2 + 1,120 m²,2 Yaşında,9. Kat,"Kağıthane, Sultan Selim Mahallesi"
24.500,08-02-2024,2 + 1,85 m²,5 Yaşında,8. Kat,"Kağıthane, Emniyet Evleri Mahallesi"
9.500,06-02-2024,Stüdyo,25 m²,20 Yaşında,5. Kat,"Kağıthane, Çeliktepe Mahallesi"
27.500,01-02-2024,1 + 1,65 m²,5 Yaşında,11. Kat,"Kağıthane, Çeliktepe Mahallesi"
18.000,31-01-2024,1 + 1,60 m²,4 Yaşında,Ara Kat,"Kağıthane, Şirintepe Mahallesi"
25.000,31-01-2024,1 + 1,56 m²,4 Yaşında,3. Kat,"Kağıthane, Hürriyet Mahallesi"
22.000,06-02-2024,2 + 2,120 m²,10 Yaşında,En Üst Kat,"Kağıthane, Emniyet Evleri Mahallesi"
20.000,13-01-2024,2 + 1,105 m²,16 Yaşında,9. Kat,"Kağıthane, Hamidiye Mahallesi"
15.000,15-01-2024,2 + 1,105 m²,25 Yaşında,2. Kat,"Kağıthane, Ortabayır Mahallesi"
120.000,23-01-2024,3 + 1,177 m²,Sıfır Bina,10. Kat,"Kağıthane, Hamidiye Mahallesi"
25.500,08-12-2023,1 + 1,80 m²,Sıfır Bina,Sisli Büyükdere Yakını Yeni Binada Sıfır Esyalı 1+1 Kiralık,Selin
20.000,16-01-2024,1 + 1,65 m²,1 Yaşında,Kağıthane'De Manzaralı Kiralık 1+1 Daire اجاره واحد,Behzad
20.000,08-12-2023,3 + 1,105 m²,5 Yaşında,5. Kat,"Kağıthane, Çağlayan Mahallesi"
20.400,02-02-2024,2 + 1,90 m²,5 Yaşında,8. Kat,"Kağıthane, Gürsel Mahallesi"
50.000,09-02-2024,2 + 1,101 m²,4 Yaşında,Avangart İstanbul 2+1 Eşyalı Güncel Kiralık Daire,Mehmet
40.000,09-02-2024,3 + 1,160 m²,25 Yaşında,9. Kat,"Kağıthane, Hamidiye Mahallesi"
15.000,02-02-2024,3 + 1,120 m²,25 Yaşında,Yüksek Giriş,"Kağıthane, Sultan Selim Mahallesi"
40.000,22-01-2024,1 + 1,65 m²,3 Yaşında,6. Kat,"Kağıthane, Seyrantepe Mahallesi"
18.500,08-02-2024,1 + 1,150 m²,25 Yaşında,3. Kat,"Kağıthane, Emniyet Evleri Mahallesi"
24.000,09-02-2024,1 + 1,85 m²,10 Yaşında,Kağıthane Vera 1+1 Kiralık Daire ***Boş***,Bahar
15.000,08-02-2024,2 + 1,90 m²,15 Yaşında,3. Kat,"Kağıthane, Şirintepe Mahallesi"
23.000,15-01-2024,2 + 1,80 m²,1 Yaşında,Yüksek Giriş,"Kağıthane, Ortabayır Mahallesi"
47.000,05-02-2024,1 + 1,70 m²,Sıfır Bina,3. Kat,"Kağıthane, Ortabayır Mahallesi"
15.000,05-02-2024,2 + 1,79 m²,4 Yaşında,1. Kat,"Kağıthane, Gültepe Mahallesi"
35.000,20-01-2024,2 + 1,85 m²,5 Yaşında,3. Kat,"Kağıthane, Hürriyet Mahallesi"
11.000,09-02-2024,1 + 1,65 m²,20 Yaşında,Yüksek Giriş,"Kağıthane, Yahya Kemal Mahallesi"
7.000,06-02-2024,2 + 1,70 m²,30 Yaşında,Zemin,"Kağıthane, Şirintepe Mahallesi"
15.000,29-01-2024,2 + 1,95 m²,24 Yaşında,1. Kat,"Kağıthane, Gültepe Mahallesi"
199,28-01-2024,2 + 1,90 m²,2 Yaşında,Kağıthane Ottoman Suit Den Lüx 1+1//2+1 Günlük Haftalık Aylık Dairler,Ottoman Suit
45.000,30-01-2024,1 + 1,81 m²,1 Yaşında,2. Kat,"Kağıthane, Hamidiye Mahallesi"
15.500,09-02-2024,2 + 1,95 m²,18 Yaşında,2. Kat,"Kağıthane, Harmantepe Mahallesi"
17.000,08-12-2023,2 + 1,78 m²,Sıfır Bina,1. Kat,"Kağıthane, Çağlayan Mahallesi"
24.500,08-12-2023,1 + 1,80 m²,Sıfır Bina,Levent Yeni Binada Modern Esyalı Ferah Manzaralı Kiralık 1+1,Selin
37.500,01-02-2024,2 + 2,104 m²,5 Yaşında,11. Kat,"Kağıthane, Çeliktepe Mahallesi"
33.000,25-01-2024,1 + 1,70 m²,5 Yaşında,Ara Kat,"Kağıthane, Ortabayır Mahallesi"
25.000,31-01-2024,1 + 1,65 m²,4 Yaşında,2. Kat,"Kağıthane, Hürriyet Mahallesi"
38.000,23-01-2024,1 + 1,70 m²,Sıfır Bina,4. Kat,"Kağıthane, Hamidiye Mahallesi"
18.000,08-02-2024,2 + 1,85 m²,1 Yaşında,3. Kat,"Kağıthane, Hürriyet Mahallesi"
19.000,24-01-2024,2 + 1,80 m²,10 Yaşında,6. Kat,"Kağıthane, Ortabayır Mahallesi"
18.000,06-02-2024,1 + 1,75 m²,25 Yaşında,En Üst Kat,"Kağıthane, Seyrantepe Mahallesi"
16.500,28-01-2024,1 + 1,72 m²,8 Yaşında,1. Kat,"Kağıthane, Gürsel Mahallesi"
25.000,02-02-2024,1 + 1,65 m²,4 Yaşında,2. Kat,"Kağıthane, Hürriyet Mahallesi"
19.000,02-02-2024,2 + 1,110 m²,15 Yaşında,5. Kat,"Kağıthane, Sultan Selim Mahallesi"
16.000,01-02-2024,3 + 1,135 m²,17 Yaşında,Bahçe Katı,"Kağıthane, Ortabayır Mahallesi"
35.000,08-02-2024,1 + 1,80 m²,4 Yaşında,Avangart İstanbul 1+1 Güncel Kiralık Daire,Mehmet
18.000,02-02-2024,1 + 1,70 m²,5 Yaşında,7. Kat,"Kağıthane, Talatpaşa Mahallesi"
26.000,06-02-2024,2 + 1,95 m²,4 Yaşında,9. Kat,"Kağıthane, Talatpaşa Mahallesi"
15.000,01-02-2024,2 + 1,95 m²,20 Yaşında,Kot 1,"Kağıthane, Seyrantepe Mahallesi"
29.000,24-01-2024,2 + 1,75 m²,5 Yaşında,Ara Kat,"Kağıthane, Gültepe Mahallesi"
25.000,21-01-2024,1 + 1,60 m²,5 Yaşında,15. Kat,"Kağıthane, Çağlayan Mahallesi"
26.000,06-02-2024,3 + 1,150 m²,7 Yaşında,En Üst Kat,"Kağıthane, Gürsel Mahallesi"
30.000,15-01-2024,2 + 1,80 m²,5 Yaşında,Yüksek Giriş,"Kağıthane, Ortabayır Mahallesi"
33.000,15-01-2024,3 + 1,135 m²,1 Yaşında,4. Kat,"Kağıthane, Ortabayır Mahallesi"
15.000,08-02-2024,1 + 1,55 m²,5 Yaşında,1. Kat,"Kağıthane, Seyrantepe Mahallesi"
18.000,06-02-2024,2 + 1,90 m²,20 Yaşında,3. Kat,"Kağıthane, Sultan Selim Mahallesi"
18.500,31-01-2024,2 + 1,75 m²,16 Yaşında,1. Kat,"Kağıthane, Emniyet Evleri Mahallesi"
15.000,05-02-2024,2 + 1,79 m²,4 Yaşında,1. Kat,"Kağıthane, Harmantepe Mahallesi"
20.000,08-12-2023,4 + 2,135 m²,Sıfır Bina,2. Kat,"Kağıthane, Çağlayan Mahallesi"
29.500,08-12-2023,2 + 1,122 m²,Sıfır Bina,Şişli Kanyon Yakını Mint Olive Yeni Binada Modern Eşyalı 2+1,Selin
25.000,24-01-2024,1 + 1,62 m²,1 Yaşında,14. Kat,"Kağıthane, Talatpaşa Mahallesi"
25.000,05-02-2024,1 + 1,65 m²,6 Yaşında,2. Kat,"Kağıthane, Çağlayan Mahallesi"
12.500,01-02-2024,1 + 1,75 m²,25 Yaşında,Ara Kat,"Kağıthane, Ortabayır Mahallesi"
28.000,31-01-2024,2 + 1,85 m²,7 Yaşında,8. Kat,"Kağıthane, Hürriyet Mahallesi"
12.000,06-02-2024,1 + 1,75 m²,25 Yaşında,Ara Kat,"Kağıthane, Telsizler Mahallesi"
19.000,22-01-2024,1 + 1,61 m²,3 Yaşında,6. Kat,"Kağıthane, Talatpaşa Mahallesi"
25.000,12-01-2024,3 + 1,150 m²,9 Yaşında,7. Kat,"Kağıthane, Nurtepe Mahallesi"
14.000,22-01-2024,2 + 1,90 m²,25 Yaşında,Kot 1,"Kağıthane, Emniyet Evleri Mahallesi"
15.000,02-02-2024,1 + 1,65 m²,10 Yaşında,Ara Kat,"Kağıthane, Sultan Selim Mahallesi"
14.000,26-01-2024,2 + 1,85 m²,19 Yaşında,Ara Kat,"Kağıthane, Ortabayır Mahallesi"
21.000,25-01-2024,2 + 1,110 m²,22 Yaşında,Yüksek Giriş,"Kağıthane, Emniyet Evleri Mahallesi"
19.000,02-02-2024,2 + 1,100 m²,16 Yaşında,1. Kat,"Kağıthane, Talatpaşa Mahallesi"
15.000,07-02-2024,2 + 1,116 m²,20 Yaşında,4. Kat,"Kağıthane, Gürsel Mahallesi"
16.000,31-01-2024,2 + 1,100 m²,5 Yaşında,Kot 1,"Kağıthane, Gürsel Mahallesi"
15.000,02-02-2024,2 + 1,90 m²,5 Yaşında,4. Kat,"Kağıthane, Hürriyet Mahallesi"
20.000,02-02-2024,2 + 1,65 m²,10 Yaşında,Yüksek Giriş,"Kağıthane, Yahya Kemal Mahallesi"
27.000,09-02-2024,1 + 1,65 m²,3 Yaşında,11. Kat,"Kağıthane, Hürriyet Mahallesi"
26.000,06-02-2024,2 + 1,95 m²,4 Yaşında,9. Kat,"Kağıthane, Talatpaşa Mahallesi"
22.500,16-01-2024,2 + 1,75 m²,5 Yaşında,4. Kat,"Kağıthane, Çeliktepe Mahallesi"
7.500,07-02-2024,3 + 1,135 m²,6 Yaşında,3. Kat,"Kağıthane, Sultan Selim Mahallesi"
15.250,08-02-2024,2 + 1,75 m²,Sıfır Bina,Kot 2,"Kağıthane, Yeşilce Mahallesi"
12.000,06-02-2024,1 + 1,90 m²,30 Yaşında,2. Kat,"Kağıthane, Telsizler Mahallesi"
25.500,06-02-2024,2 + 1,80 m²,2 Yaşında,3. Kat,"Kağıthane, Telsizler Mahallesi"
20.000,15-01-2024,2 + 1,88 m²,5 Yaşında,3. Kat,"Kağıthane, Ortabayır Mahallesi"
15.000,03-02-2024,2 + 1,110 m²,30 Yaşında,4. Kat,"Kağıthane, Gürsel Mahallesi"
19.000,09-02-2024,2 + 1,75 m²,25 Yaşında,4. Kat,"Kağıthane, Ortabayır Mahallesi"
32.000,08-02-2024,2 + 1,90 m²,2 Yaşında,2. Kat,"Kağıthane, Hamidiye Mahallesi"
30.000,22-01-2024,2 + 1,85 m²,Sıfır Bina,1. Kat,"Kağıthane, Çeliktepe Mahallesi"
20.000,09-02-2024,2 + 1,90 m²,5 Yaşında,2. Kat,"Kağıthane, Sultan Selim Mahallesi"
18.000,01-02-2024,2 + 1,85 m²,22 Yaşında,2. Kat,"Kağıthane, Ortabayır Mahallesi"
14.000,08-02-2024,2 + 1,90 m²,6 Yaşında,Yüksek Giriş,"Kağıthane, Ortabayır Mahallesi"
20.000,29-01-2024,3 + 1,105 m²,13 Yaşında,3. Kat,"Kağıthane, Merkez Mahallesi"
45.000,03-02-2024,3 + 1,130 m²,Sıfır Bina,10. Kat,"Kağıthane, Çeliktepe Mahallesi"
20.000,01-02-2024,2 + 1,100 m²,25 Yaşında,Ara Kat,"Kağıthane, Ortabayır Mahallesi"
30.000,28-01-2024,4 + 1,190 m²,5 Yaşında,4. Kat,"Kağıthane, Gürsel Mahallesi"
25.000,06-02-2024,2 + 1,80 m²,5 Yaşında,Yüksek Giriş,"Kağıthane, Ortabayır Mahallesi"
35.000,07-02-2024,2 + 1,95 m²,2 Yaşında,3. Kat,"Kağıthane, Hamidiye Mahallesi"
35.000,24-01-2024,2 + 1,110 m²,2 Yaşında,11. Kat,"Kağıthane, Hamidiye Mahallesi"
13.000,09-02-2024,1 + 1,70 m²,6 Yaşında,Kot 1,"Kağıthane, Merkez Mahallesi"
15.000,07-02-2024,2 + 1,75 m²,4 Yaşında,1. Kat,"Kağıthane, Çağlayan Mahallesi"
29.500,25-01-2024,1 + 1,67 m²,1 Yaşında,14. Kat,"Kağıthane, Hamidiye Mahallesi"
20.000,23-01-2024,2 + 1,85 m²,5 Yaşında,Kot 1,"Kağıthane, Seyrantepe Mahallesi"
23.000,07-02-2024,3 + 1,100 m²,3 Yaşında,2. Kat,"Kağıthane, Çeliktepe Mahallesi"
30.000,18-01-2024,1 + 1,78 m²,4 Yaşında,6. Kat,"Kağıthane, Hamidiye Mahallesi"
15.000,09-02-2024,1 + 1,80 m²,20 Yaşında,1. Kat,"Kağıthane, Ortabayır Mahallesi"
20.000,15-01-2024,2 + 1,80 m²,11 Yaşında,1. Kat,"Kağıthane, Ortabayır Mahallesi"
12.000,07-02-2024,1 + 1,65 m²,25 Yaşında,Giriş Katı,"Kağıthane, Ortabayır Mahallesi"
14.500,26-01-2024,2 + 1,90 m²,18 Yaşında,Ara Kat,"Kağıthane, Şirintepe Mahallesi"
50.000,08-02-2024,3 + 1,180 m²,7 Yaşında,Çatı Katı,"Kağıthane, Ortabayır Mahallesi"
12.000,26-01-2024,2 + 1,110 m²,9 Yaşında,Giriş Katı,"Kağıthane, Nurtepe Mahallesi"
20.000,28-01-2024,1 + 1,55 m²,3 Yaşında,12. Kat,"Kağıthane, Sultan Selim Mahallesi"
18.000,02-02-2024,2 + 1,85 m²,1 Yaşında,4. Kat,"Kağıthane, Çağlayan Mahallesi"
8.000,07-02-2024,1 + 1,40 m²,29 Yaşında,5. Kat,"Kağıthane, Sultan Selim Mahallesi"
18.000,09-02-2024,2 + 1,90 m²,8 Yaşında,Kot 1,"Kağıthane, Seyrantepe Mahallesi"
50.000,02-02-2024,2 + 1,127 m²,3 Yaşında,7. Kat,"Kağıthane, Seyrantepe Mahallesi"
20.000,06-02-2024,2 + 1,85 m²,2 Yaşında,2. Kat,"Kağıthane, Merkez Mahallesi"
20.000,06-02-2024,2 + 1,90 m²,90 Yaşında,1. Kat,"Kağıthane, Ortabayır Mahallesi"
20.000,08-02-2024,1 + 1,65 m²,25 Yaşında,5. Kat,"Kağıthane, Ortabayır Mahallesi"
16.000,22-01-2024,2 + 1,65 m²,9 Yaşında,2. Kat,"Kağıthane, Telsizler Mahallesi"
17.500,04-02-2024,2 + 1,85 m²,8 Yaşında,Kot 2,"Kağıthane, Ortabayır Mahallesi"
30.000,05-02-2024,1 + 1,69 m²,Sıfır Bina,1. Kat,"Kağıthane, Ortabayır Mahallesi"
15.500,30-01-2024,2 + 1,85 m²,2 Yaşında,1. Kat,"Kağıthane, Seyrantepe Mahallesi"
12.250,06-02-2024,2 + 1,70 m²,5 Yaşında,Kot 1,"Kağıthane, Mehmet Akif Ersoy Mahallesi"
12.500,07-02-2024,2 + 1,100 m²,25 Yaşında,1. Kat,"Kağıthane, Seyrantepe Mahallesi"
23.500,07-02-2024,1 + 1,55 m²,5 Yaşında,4. Kat,"Kağıthane, Çağlayan Mahallesi"
17.500,30-01-2024,1 + 1,95 m²,17 Yaşında,Gültepe'De Geniş Ferah 1+1 Full Eşyalı Kiralık Daire,İlhan
24.000,12-01-2024,2 + 1,60 m²,8 Yaşında,3. Kat,"Kağıthane, Ortabayır Mahallesi"
13.000,06-02-2024,1 + 1,65 m²,25 Yaşında,Giriş Katı,"Kağıthane, Gültepe Mahallesi"
12.500,02-02-2024,1 + 1,60 m²,30 Yaşında,1. Kat,"Kağıthane, Çağlayan Mahallesi"
18.000,26-01-2024,2 + 1,70 m²,4 Yaşında,3. Kat,"Kağıthane, Harmantepe Mahallesi"
10.500,06-02-2024,1 + 1,70 m²,30 Yaşında,En Üst Kat,"Kağıthane, Sultan Selim Mahallesi"
28.000,31-01-2024,3 + 1,150 m²,8 Yaşında,4. Kat,"Kağıthane, Gürsel Mahallesi"
30.000,06-02-2024,2 + 1,90 m²,7 Yaşında,5. Kat,"Kağıthane, Çeliktepe Mahallesi"
10.500,07-02-2024,2 + 1,80 m²,25 Yaşında,2. Kat,"Kağıthane, Gültepe Mahallesi"
17.500,06-02-2024,1 + 1,65 m²,5 Yaşında,Giriş Katı,"Kağıthane, Sultan Selim Mahallesi"
20.000,18-01-2024,Stüdyo,49 m²,4 Yaşında,4. Kat,"Kağıthane, Hamidiye Mahallesi"
25.000,05-02-2024,4 + 1,140 m²,9 Yaşında,4. Kat,"Kağıthane, Talatpaşa Mahallesi"
18.000,08-02-2024,3 + 1,115 m²,30 Yaşında,3. Kat,"Kağıthane, Çeliktepe Mahallesi"
20.000,12-01-2024,2 + 1,95 m²,26 Yaşında,6. Kat,"Kağıthane, Hamidiye Mahallesi"
25.000,07-02-2024,2 + 1,100 m²,10 Yaşında,4. Kat,"Kağıthane, Şirintepe Mahallesi"
25.000,03-02-2024,2 + 1,90 m²,10 Yaşında,4. Kat,"Kağıthane, Çeliktepe Mahallesi"
20.000,05-02-2024,2 + 1,90 m²,4 Yaşında,2. Kat,"Kağıthane, Merkez Mahallesi"
110.000,08-02-2024,4 + 1,210 m²,2 Yaşında,4. Kat,"Kağıthane, Seyrantepe Mahallesi"
15.000,02-02-2024,2 + 1,75 m²,30 Yaşında,1. Kat,"Kağıthane, Çeliktepe Mahallesi"
23.000,01-02-2024,2 + 1,120 m²,11 Yaşında,6. Kat,"Kağıthane, Hamidiye Mahallesi"
14.000,05-02-2024,Stüdyo,45 m²,10 Yaşında,Giriş Katı,"Kağıthane, Çağlayan Mahallesi"
20.000,08-02-2024,3 + 1,125 m²,20 Yaşında,1. Kat,"Kağıthane, Ortabayır Mahallesi"
18.000,06-02-2024,1 + 1,60 m²,20 Yaşında,1. Kat,"Kağıthane, Ortabayır Mahallesi"
25.000,03-02-2024,1 + 1,55 m²,Sıfır Bina,1. Kat,"Kağıthane, Emniyet Evleri Mahallesi"
17.000,29-01-2024,2 + 1,85 m²,15 Yaşında,Kot 1,"Kağıthane, Telsizler Mahallesi"
18.000,19-01-2024,2 + 1,95 m²,31 Yaşında,3. Kat,"Kağıthane, Çeliktepe Mahallesi"
16.000,27-01-2024,3 + 1,135 m²,25 Yaşında,Bahçe Katı,"Kağıthane, Ortabayır Mahallesi"
17.000,01-02-2024,3 + 1,100 m²,30 Yaşında,2. Kat,"Kağıthane, Çeliktepe Mahallesi"
13.000,23-01-2024,2 + 1,90 m²,11 Yaşında,Kot 3,"Kağıthane, Seyrantepe Mahallesi"
15.000,30-01-2024,1 + 1,75 m²,8 Yaşında,Kot 1,"Kağıthane, Telsizler Mahallesi"
17.000,05-02-2024,2 + 1,110 m²,21 Yaşında,3. Kat,"Kağıthane, Hamidiye Mahallesi"
16.000,30-01-2024,3 + 1,106 m²,15 Yaşında,Kot 2,"Kağıthane, Gürsel Mahallesi"
24.500,25-01-2024,1 + 1,55 m²,7 Yaşında,12. Kat,"Kağıthane, Çağlayan Mahallesi"
23.000,26-01-2024,2 + 1,70 m²,5 Yaşında,5. Kat,"Kağıthane, Çağlayan Mahallesi"
12.500,13-01-2024,2 + 1,75 m²,15 Yaşında,2. Kat,"Kağıthane, Telsizler Mahallesi"
12.000,04-02-2024,2 + 1,75 m²,5 Yaşında,Giriş Katı,"Kağıthane, Çağlayan Mahallesi"
17.000,29-01-2024,2 + 1,85 m²,12 Yaşında,2. Kat,"Kağıthane, Nurtepe Mahallesi"
17.500,09-02-2024,1 + 1,65 m²,2 Yaşında,1. Kat,"Kağıthane, Seyrantepe Mahallesi"
21.000,31-01-2024,2 + 1,88 m²,5 Yaşında,2. Kat,"Kağıthane, Ortabayır Mahallesi"
20.000,07-02-2024,3 + 1,140 m²,25 Yaşında,2. Kat,"Kağıthane, Çeliktepe Mahallesi"
12.000,05-02-2024,2 + 1,75 m²,30 Yaşında,3. Kat,"Kağıthane, Çeliktepe Mahallesi"
17.000,06-02-2024,1 + 1,60 m²,28 Yaşında,1. Kat,"Kağıthane, Ortabayır Mahallesi"
17.900,06-02-2024,3 + 1,130 m²,7 Yaşında,Bahçe Katı,"Kağıthane, Sultan Selim Mahallesi"
35.000,03-02-2024,1 + 1,60 m²,5 Yaşında,2. Kat,"Kağıthane, Emniyet Evleri Mahallesi"
26.000,05-02-2024,3 + 1,130 m²,20 Yaşında,4. Kat,"Kağıthane, Ortabayır Mahallesi"
18.000,24-01-2024,2 + 1,70 m²,Sıfır Bina,1. Kat,"Kağıthane, Çağlayan Mahallesi"
11.000,30-01-2024,1 + 1,75 m²,26 Yaşında,4. Kat,"Kağıthane, Harmantepe Mahallesi"
30.000,15-01-2024,1 + 1,80 m²,1 Yaşında,9. Kat,"Kağıthane, Hamidiye Mahallesi"
100.000,30-01-2024,2 + 1,270 m²,10 Yaşında,Levent Te Sapphire Residence Da Teraslı Kiralık Lüks 2+1,VİZYON
20.000,16-01-2024,2 + 1,65 m²,4 Yaşında,2. Kat,"Kağıthane, Emniyet Evleri Mahallesi"
14.500,27-01-2024,2 + 1,78 m²,10 Yaşında,Yüksek Giriş,"Kağıthane, Çeliktepe Mahallesi"
10.000,06-02-2024,1 + 1,65 m²,50 Yaşında,1. Kat,"Kağıthane, Yahya Kemal Mahallesi"
9.000,31-01-2024,Stüdyo,25 m²,5 Yaşında,Kot 1,"Kağıthane, Çağlayan Mahallesi"
37.200,07-02-2024,1 + 1,75 m²,4 Yaşında,Kot 1,"Kağıthane, Çeliktepe Mahallesi"
12.500,25-01-2024,1 + 1,55 m²,5 Yaşında,Kot 1,"Kağıthane, Çağlayan Mahallesi"
20.000,09-02-2024,2 + 1,120 m²,16 Yaşında,1. Kat,"Kağıthane, Harmantepe Mahallesi"
17.000,30-01-2024,2 + 1,85 m²,15 Yaşında,Kot 1,"Kağıthane, Telsizler Mahallesi"
